Patient_ID,Age,Gender,Infection_Date,Location,Status
1,52,Female,2020-03-01,Vellore,Deceased
2,15,Male,2020-03-02,Vellore,Deceased
3,72,Male,2020-03-03,Vellore,Hospitalized
4,61,Female,2020-03-04,Vellore,Recovered
5,21,Male,2020-03-05,Arcot,Recovered
6,83,Male,2020-03-06,Gudiyatham,Deceased
7,87,Male,2020-03-07,Gudiyatham,Recovered
8,75,Male,2020-03-08,Katpadi,Deceased
9,75,Male,2020-03-09,Katpadi,Hospitalized
10,88,Male,2020-03-10,Arcot,Deceased
11,24,Male,2020-03-11,Gudiyatham,Deceased
12,3,Male,2020-03-12,Gudiyatham,Hospitalized
13,22,Male,2020-03-13,Vellore,Recovered
14,53,Male,2020-03-14,Arcot,Deceased
15,2,Female,2020-03-15,Arcot,Deceased
16,88,Female,2020-03-16,Vellore,Hospitalized
17,30,Male,2020-03-17,Arcot,Recovered
18,38,Female,2020-03-18,Arcot,Deceased
19,2,Female,2020-03-19,Katpadi,Hospitalized
20,64,Male,2020-03-20,Gudiyatham,Deceased
21,60,Male,2020-03-21,Arcot,Hospitalized
22,21,Male,2020-03-22,Katpadi,Recovered
23,33,Female,2020-03-23,Gudiyatham,Recovered
24,76,Female,2020-03-24,Vellore,Recovered
25,58,Male,2020-03-25,Katpadi,Recovered
26,22,Male,2020-03-26,Katpadi,Deceased
27,89,Male,2020-03-27,Gudiyatham,Deceased
28,49,Female,2020-03-28,Vellore,Recovered
29,59,Female,2020-03-29,Katpadi,Recovered
30,42,Female,2020-03-30,Arcot,Recovered
31,60,Female,2020-03-31,Arcot,Deceased
32,80,Male,2020-04-01,Arcot,Recovered
33,15,Male,2020-04-02,Vellore,Recovered
34,62,Male,2020-04-03,Katpadi,Recovered
35,62,Male,2020-04-04,Arcot,Hospitalized
36,47,Female,2020-04-05,Vellore,Recovered
37,62,Female,2020-04-06,Arcot,Hospitalized
38,51,Male,2020-04-07,Gudiyatham,Hospitalized
39,55,Male,2020-04-08,Katpadi,Recovered
40,64,Female,2020-04-09,Katpadi,Hospitalized
41,3,Male,2020-04-10,Vellore,Recovered
42,51,Female,2020-04-11,Vellore,Deceased
43,7,Male,2020-04-12,Katpadi,Deceased
44,21,Male,2020-04-13,Arcot,Deceased
45,73,Male,2020-04-14,Arcot,Deceased
46,39,Male,2020-04-15,Gudiyatham,Hospitalized
47,18,Male,2020-04-16,Arcot,Recovered
48,4,Male,2020-04-17,Vellore,Recovered
49,89,Male,2020-04-18,Vellore,Recovered
50,60,Female,2020-04-19,Arcot,Deceased
51,14,Female,2020-04-20,Vellore,Deceased
52,9,Female,2020-04-21,Katpadi,Recovered
53,53,Female,2020-04-22,Katpadi,Deceased
54,2,Female,2020-04-23,Arcot,Recovered
55,84,Male,2020-04-24,Katpadi,Recovered
56,60,Male,2020-04-25,Katpadi,Recovered
57,71,Female,2020-04-26,Gudiyatham,Recovered
58,44,Male,2020-04-27,Gudiyatham,Recovered
59,8,Female,2020-04-28,Katpadi,Recovered
60,47,Female,2020-04-29,Arcot,Recovered
61,35,Male,2020-04-30,Gudiyatham,Deceased
62,78,Male,2020-05-01,Vellore,Recovered
63,81,Male,2020-05-02,Vellore,Recovered
64,36,Female,2020-05-03,Vellore,Deceased
65,50,Male,2020-05-04,Arcot,Deceased
66,4,Female,2020-05-05,Katpadi,Deceased
67,2,Female,2020-05-06,Vellore,Recovered
68,6,Female,2020-05-07,Arcot,Hospitalized
69,54,Male,2020-05-08,Gudiyatham,Hospitalized
70,4,Male,2020-05-09,Katpadi,Deceased
71,54,Female,2020-05-10,Gudiyatham,Hospitalized
72,63,Male,2020-05-11,Arcot,Deceased
73,18,Male,2020-05-12,Vellore,Recovered
74,44,Male,2020-05-13,Vellore,Hospitalized
75,34,Female,2020-05-14,Arcot,Recovered
76,74,Female,2020-05-15,Vellore,Hospitalized
77,62,Male,2020-05-16,Katpadi,Recovered
78,14,Female,2020-05-17,Arcot,Hospitalized
79,48,Male,2020-05-18,Gudiyatham,Recovered
80,15,Male,2020-05-19,Arcot,Recovered
81,72,Male,2020-05-20,Katpadi,Hospitalized
82,78,Male,2020-05-21,Katpadi,Recovered
83,87,Female,2020-05-22,Arcot,Recovered
84,62,Female,2020-05-23,Arcot,Recovered
85,40,Female,2020-05-24,Vellore,Hospitalized
86,85,Male,2020-05-25,Katpadi,Hospitalized
87,80,Male,2020-05-26,Arcot,Recovered
88,82,Male,2020-05-27,Arcot,Recovered
89,53,Female,2020-05-28,Katpadi,Hospitalized
90,24,Male,2020-05-29,Arcot,Hospitalized
91,26,Female,2020-05-30,Vellore,Recovered
92,89,Female,2020-05-31,Katpadi,Recovered
93,60,Female,2020-06-01,Vellore,Recovered
94,41,Female,2020-06-02,Vellore,Deceased
95,29,Female,2020-06-03,Vellore,Hospitalized
96,15,Female,2020-06-04,Vellore,Deceased
97,45,Male,2020-06-05,Katpadi,Hospitalized
98,65,Male,2020-06-06,Vellore,Hospitalized
99,89,Female,2020-06-07,Vellore,Hospitalized
100,71,Female,2020-06-08,Arcot,Hospitalized
101,9,Male,2020-06-09,Katpadi,Hospitalized
102,88,Female,2020-06-10,Katpadi,Hospitalized
103,1,Female,2020-06-11,Gudiyatham,Hospitalized
104,8,Male,2020-06-12,Katpadi,Deceased
105,88,Female,2020-06-13,Katpadi,Recovered
106,63,Female,2020-06-14,Gudiyatham,Recovered
107,11,Female,2020-06-15,Katpadi,Deceased
108,81,Male,2020-06-16,Katpadi,Deceased
109,8,Male,2020-06-17,Katpadi,Deceased
110,35,Male,2020-06-18,Katpadi,Deceased
111,35,Female,2020-06-19,Gudiyatham,Hospitalized
112,33,Female,2020-06-20,Katpadi,Recovered
113,5,Male,2020-06-21,Katpadi,Hospitalized
114,41,Female,2020-06-22,Gudiyatham,Recovered
115,28,Female,2020-06-23,Arcot,Recovered
116,7,Female,2020-06-24,Vellore,Deceased
117,73,Female,2020-06-25,Arcot,Hospitalized
118,72,Female,2020-06-26,Gudiyatham,Deceased
119,12,Male,2020-06-27,Vellore,Hospitalized
120,34,Female,2020-06-28,Gudiyatham,Recovered
121,33,Male,2020-06-29,Gudiyatham,Deceased
122,48,Female,2020-06-30,Katpadi,Deceased
123,23,Male,2020-07-01,Vellore,Recovered
124,62,Female,2020-07-02,Katpadi,Recovered
125,88,Male,2020-07-03,Vellore,Recovered
126,37,Female,2020-07-04,Gudiyatham,Deceased
127,44,Male,2020-07-05,Gudiyatham,Hospitalized
128,86,Female,2020-07-06,Arcot,Deceased
129,35,Male,2020-07-07,Vellore,Hospitalized
130,65,Female,2020-07-08,Katpadi,Deceased
131,47,Male,2020-07-09,Arcot,Deceased
132,78,Male,2020-07-10,Arcot,Recovered
133,3,Female,2020-07-11,Arcot,Hospitalized
134,1,Female,2020-07-12,Katpadi,Deceased
135,5,Male,2020-07-13,Arcot,Deceased
136,14,Female,2020-07-14,Katpadi,Recovered
137,27,Male,2020-07-15,Arcot,Recovered
138,9,Male,2020-07-16,Katpadi,Hospitalized
139,79,Male,2020-07-17,Gudiyatham,Deceased
140,15,Female,2020-07-18,Gudiyatham,Hospitalized
141,42,Male,2020-07-19,Gudiyatham,Deceased
142,77,Male,2020-07-20,Gudiyatham,Hospitalized
143,51,Female,2020-07-21,Gudiyatham,Recovered
144,63,Female,2020-07-22,Arcot,Deceased
145,52,Female,2020-07-23,Arcot,Hospitalized
146,4,Female,2020-07-24,Arcot,Recovered
147,23,Male,2020-07-25,Katpadi,Recovered
148,15,Male,2020-07-26,Katpadi,Hospitalized
149,43,Male,2020-07-27,Katpadi,Deceased
150,29,Male,2020-07-28,Katpadi,Deceased
151,36,Female,2020-07-29,Gudiyatham,Recovered
152,13,Male,2020-07-30,Gudiyatham,Deceased
153,32,Male,2020-07-31,Gudiyatham,Deceased
154,71,Female,2020-08-01,Vellore,Deceased
155,59,Male,2020-08-02,Arcot,Recovered
156,86,Male,2020-08-03,Katpadi,Hospitalized
157,28,Male,2020-08-04,Katpadi,Deceased
158,66,Male,2020-08-05,Gudiyatham,Recovered
159,42,Male,2020-08-06,Katpadi,Recovered
160,45,Male,2020-08-07,Katpadi,Hospitalized
161,62,Female,2020-08-08,Arcot,Deceased
162,57,Female,2020-08-09,Gudiyatham,Deceased
163,6,Male,2020-08-10,Arcot,Hospitalized
164,28,Male,2020-08-11,Vellore,Hospitalized
165,28,Female,2020-08-12,Vellore,Recovered
166,44,Male,2020-08-13,Vellore,Recovered
167,84,Male,2020-08-14,Gudiyatham,Hospitalized
168,30,Male,2020-08-15,Katpadi,Deceased
169,62,Female,2020-08-16,Gudiyatham,Recovered
170,75,Male,2020-08-17,Gudiyatham,Recovered
171,89,Female,2020-08-18,Katpadi,Deceased
172,62,Male,2020-08-19,Arcot,Recovered
173,1,Female,2020-08-20,Vellore,Deceased
174,27,Female,2020-08-21,Arcot,Deceased
175,62,Male,2020-08-22,Vellore,Deceased
176,77,Female,2020-08-23,Gudiyatham,Hospitalized
177,3,Male,2020-08-24,Vellore,Hospitalized
178,70,Female,2020-08-25,Gudiyatham,Hospitalized
179,72,Male,2020-08-26,Arcot,Deceased
180,27,Male,2020-08-27,Gudiyatham,Deceased
181,9,Female,2020-08-28,Arcot,Hospitalized
182,62,Male,2020-08-29,Katpadi,Recovered
183,37,Male,2020-08-30,Katpadi,Deceased
184,51,Female,2020-08-31,Katpadi,Recovered
185,44,Male,2020-09-01,Gudiyatham,Recovered
186,24,Male,2020-09-02,Katpadi,Deceased
187,79,Female,2020-09-03,Vellore,Deceased
188,59,Female,2020-09-04,Arcot,Recovered
189,32,Male,2020-09-05,Arcot,Recovered
190,88,Male,2020-09-06,Vellore,Hospitalized
191,52,Female,2020-09-07,Gudiyatham,Hospitalized
192,62,Female,2020-09-08,Gudiyatham,Deceased
193,58,Male,2020-09-09,Arcot,Hospitalized
194,52,Female,2020-09-10,Katpadi,Hospitalized
195,12,Male,2020-09-11,Gudiyatham,Hospitalized
196,39,Male,2020-09-12,Gudiyatham,Hospitalized
197,2,Male,2020-09-13,Vellore,Recovered
198,3,Male,2020-09-14,Vellore,Deceased
199,56,Male,2020-09-15,Katpadi,Hospitalized
200,81,Female,2020-09-16,Gudiyatham,Recovered
201,59,Female,2020-09-17,Gudiyatham,Recovered
202,2,Female,2020-09-18,Vellore,Recovered
203,2,Female,2020-09-19,Gudiyatham,Hospitalized
204,54,Male,2020-09-20,Arcot,Hospitalized
205,87,Male,2020-09-21,Vellore,Deceased
206,1,Male,2020-09-22,Katpadi,Hospitalized
207,19,Male,2020-09-23,Vellore,Hospitalized
208,2,Female,2020-09-24,Gudiyatham,Recovered
209,53,Male,2020-09-25,Katpadi,Deceased
210,44,Male,2020-09-26,Vellore,Hospitalized
211,32,Female,2020-09-27,Arcot,Hospitalized
212,70,Female,2020-09-28,Arcot,Recovered
213,32,Female,2020-09-29,Vellore,Recovered
214,68,Female,2020-09-30,Arcot,Hospitalized
215,55,Male,2020-10-01,Arcot,Deceased
216,75,Male,2020-10-02,Arcot,Deceased
217,56,Female,2020-10-03,Katpadi,Recovered
218,17,Male,2020-10-04,Arcot,Recovered
219,38,Male,2020-10-05,Arcot,Hospitalized
220,24,Male,2020-10-06,Arcot,Recovered
221,69,Female,2020-10-07,Katpadi,Hospitalized
222,70,Male,2020-10-08,Vellore,Deceased
223,86,Female,2020-10-09,Gudiyatham,Deceased
224,11,Male,2020-10-10,Arcot,Hospitalized
225,16,Male,2020-10-11,Vellore,Recovered
226,73,Male,2020-10-12,Arcot,Deceased
227,59,Female,2020-10-13,Katpadi,Recovered
228,70,Male,2020-10-14,Vellore,Deceased
229,80,Female,2020-10-15,Katpadi,Hospitalized
230,3,Female,2020-10-16,Arcot,Hospitalized
231,20,Female,2020-10-17,Arcot,Hospitalized
232,59,Male,2020-10-18,Katpadi,Deceased
233,36,Male,2020-10-19,Gudiyatham,Recovered
234,19,Male,2020-10-20,Katpadi,Recovered
235,67,Male,2020-10-21,Arcot,Recovered
236,19,Female,2020-10-22,Katpadi,Deceased
237,20,Female,2020-10-23,Gudiyatham,Deceased
238,71,Female,2020-10-24,Katpadi,Deceased
239,52,Male,2020-10-25,Gudiyatham,Deceased
240,33,Female,2020-10-26,Gudiyatham,Deceased
241,40,Male,2020-10-27,Katpadi,Recovered
242,39,Female,2020-10-28,Katpadi,Deceased
243,82,Male,2020-10-29,Vellore,Deceased
244,1,Male,2020-10-30,Arcot,Recovered
245,11,Female,2020-10-31,Gudiyatham,Deceased
246,57,Female,2020-11-01,Vellore,Recovered
247,89,Female,2020-11-02,Katpadi,Recovered
248,50,Female,2020-11-03,Arcot,Hospitalized
249,23,Male,2020-11-04,Vellore,Hospitalized
250,31,Female,2020-11-05,Gudiyatham,Hospitalized
251,42,Female,2020-11-06,Vellore,Hospitalized
252,7,Female,2020-11-07,Gudiyatham,Deceased
253,16,Male,2020-11-08,Katpadi,Hospitalized
254,60,Male,2020-11-09,Arcot,Recovered
255,2,Female,2020-11-10,Arcot,Deceased
256,1,Male,2020-11-11,Arcot,Hospitalized
257,48,Female,2020-11-12,Katpadi,Recovered
258,12,Male,2020-11-13,Gudiyatham,Deceased
259,69,Male,2020-11-14,Katpadi,Deceased
260,37,Male,2020-11-15,Arcot,Hospitalized
261,32,Male,2020-11-16,Katpadi,Deceased
262,9,Female,2020-11-17,Katpadi,Recovered
263,19,Female,2020-11-18,Katpadi,Deceased
264,48,Female,2020-11-19,Gudiyatham,Recovered
265,80,Male,2020-11-20,Vellore,Deceased
266,3,Female,2020-11-21,Vellore,Hospitalized
267,20,Female,2020-11-22,Katpadi,Recovered
268,24,Female,2020-11-23,Vellore,Deceased
269,54,Male,2020-11-24,Vellore,Deceased
270,33,Male,2020-11-25,Katpadi,Deceased
271,24,Male,2020-11-26,Katpadi,Recovered
272,75,Female,2020-11-27,Arcot,Recovered
273,72,Female,2020-11-28,Vellore,Recovered
274,36,Female,2020-11-29,Gudiyatham,Hospitalized
275,38,Male,2020-11-30,Katpadi,Hospitalized
276,84,Male,2020-12-01,Arcot,Recovered
277,89,Female,2020-12-02,Gudiyatham,Deceased
278,25,Male,2020-12-03,Vellore,Hospitalized
279,18,Male,2020-12-04,Arcot,Recovered
280,82,Male,2020-12-05,Katpadi,Deceased
281,66,Male,2020-12-06,Gudiyatham,Hospitalized
282,54,Female,2020-12-07,Katpadi,Deceased
283,35,Male,2020-12-08,Vellore,Deceased
284,80,Male,2020-12-09,Gudiyatham,Deceased
285,61,Male,2020-12-10,Vellore,Deceased
286,41,Male,2020-12-11,Vellore,Hospitalized
287,33,Female,2020-12-12,Arcot,Hospitalized
288,68,Female,2020-12-13,Katpadi,Hospitalized
289,33,Male,2020-12-14,Gudiyatham,Recovered
290,14,Male,2020-12-15,Vellore,Hospitalized
291,21,Male,2020-12-16,Vellore,Deceased
292,48,Male,2020-12-17,Gudiyatham,Hospitalized
293,20,Male,2020-12-18,Vellore,Deceased
294,8,Male,2020-12-19,Arcot,Recovered
295,7,Female,2020-12-20,Arcot,Deceased
296,67,Male,2020-12-21,Arcot,Deceased
297,17,Female,2020-12-22,Arcot,Deceased
298,33,Female,2020-12-23,Vellore,Recovered
299,48,Male,2020-12-24,Gudiyatham,Hospitalized
300,76,Female,2020-12-25,Gudiyatham,Hospitalized
301,59,Female,2020-12-26,Gudiyatham,Recovered
302,86,Female,2020-12-27,Gudiyatham,Deceased
303,22,Female,2020-12-28,Katpadi,Hospitalized
304,30,Female,2020-12-29,Gudiyatham,Recovered
305,38,Female,2020-12-30,Katpadi,Hospitalized
306,51,Male,2020-12-31,Katpadi,Recovered
307,54,Female,2021-01-01,Arcot,Deceased
308,8,Female,2021-01-02,Katpadi,Hospitalized
309,27,Female,2021-01-03,Vellore,Recovered
310,27,Male,2021-01-04,Katpadi,Hospitalized
311,21,Female,2021-01-05,Arcot,Hospitalized
312,30,Male,2021-01-06,Katpadi,Hospitalized
313,28,Female,2021-01-07,Vellore,Hospitalized
314,64,Male,2021-01-08,Vellore,Recovered
315,69,Male,2021-01-09,Vellore,Deceased
316,61,Female,2021-01-10,Arcot,Recovered
317,48,Female,2021-01-11,Arcot,Recovered
318,19,Male,2021-01-12,Gudiyatham,Recovered
319,4,Female,2021-01-13,Arcot,Deceased
320,35,Male,2021-01-14,Vellore,Hospitalized
321,64,Male,2021-01-15,Vellore,Hospitalized
322,49,Male,2021-01-16,Arcot,Hospitalized
323,17,Male,2021-01-17,Katpadi,Deceased
324,44,Male,2021-01-18,Arcot,Hospitalized
325,30,Female,2021-01-19,Arcot,Deceased
326,46,Male,2021-01-20,Vellore,Hospitalized
327,6,Male,2021-01-21,Gudiyatham,Hospitalized
328,37,Female,2021-01-22,Vellore,Recovered
329,24,Male,2021-01-23,Gudiyatham,Deceased
330,46,Female,2021-01-24,Vellore,Recovered
331,53,Female,2021-01-25,Arcot,Recovered
332,60,Female,2021-01-26,Vellore,Recovered
333,63,Male,2021-01-27,Vellore,Deceased
334,85,Male,2021-01-28,Vellore,Deceased
335,32,Male,2021-01-29,Arcot,Hospitalized
336,87,Female,2021-01-30,Arcot,Recovered
337,33,Male,2021-01-31,Arcot,Hospitalized
338,67,Female,2021-02-01,Arcot,Recovered
339,18,Male,2021-02-02,Gudiyatham,Deceased
340,25,Female,2021-02-03,Gudiyatham,Deceased
341,54,Male,2021-02-04,Katpadi,Deceased
342,58,Male,2021-02-05,Arcot,Recovered
343,67,Male,2021-02-06,Gudiyatham,Deceased
344,46,Female,2021-02-07,Vellore,Recovered
345,24,Female,2021-02-08,Arcot,Hospitalized
346,32,Male,2021-02-09,Katpadi,Recovered
347,47,Male,2021-02-10,Katpadi,Hospitalized
348,86,Female,2021-02-11,Katpadi,Recovered
349,23,Female,2021-02-12,Vellore,Hospitalized
350,66,Female,2021-02-13,Gudiyatham,Deceased
351,27,Male,2021-02-14,Vellore,Hospitalized
352,2,Female,2021-02-15,Arcot,Deceased
353,17,Male,2021-02-16,Katpadi,Deceased
354,33,Female,2021-02-17,Vellore,Hospitalized
355,9,Male,2021-02-18,Vellore,Recovered
356,43,Female,2021-02-19,Gudiyatham,Recovered
357,48,Female,2021-02-20,Gudiyatham,Recovered
358,39,Female,2021-02-21,Katpadi,Recovered
359,42,Female,2021-02-22,Vellore,Recovered
360,26,Female,2021-02-23,Vellore,Deceased
361,50,Male,2021-02-24,Gudiyatham,Recovered
362,25,Female,2021-02-25,Vellore,Deceased
363,24,Female,2021-02-26,Vellore,Deceased
364,13,Female,2021-02-27,Vellore,Deceased
365,60,Male,2021-02-28,Gudiyatham,Hospitalized
366,7,Female,2021-03-01,Katpadi,Hospitalized
367,57,Male,2021-03-02,Arcot,Deceased
368,36,Female,2021-03-03,Katpadi,Hospitalized
369,45,Female,2021-03-04,Arcot,Recovered
370,20,Male,2021-03-05,Vellore,Recovered
371,65,Female,2021-03-06,Katpadi,Deceased
372,8,Male,2021-03-07,Arcot,Recovered
373,16,Male,2021-03-08,Gudiyatham,Deceased
374,14,Female,2021-03-09,Gudiyatham,Deceased
375,76,Male,2021-03-10,Katpadi,Recovered
376,87,Female,2021-03-11,Katpadi,Hospitalized
377,15,Female,2021-03-12,Vellore,Recovered
378,66,Male,2021-03-13,Katpadi,Recovered
379,32,Male,2021-03-14,Vellore,Deceased
380,87,Male,2021-03-15,Vellore,Deceased
381,63,Male,2021-03-16,Gudiyatham,Deceased
382,86,Female,2021-03-17,Gudiyatham,Deceased
383,51,Female,2021-03-18,Arcot,Hospitalized
384,25,Male,2021-03-19,Gudiyatham,Hospitalized
385,58,Female,2021-03-20,Gudiyatham,Hospitalized
386,63,Female,2021-03-21,Katpadi,Deceased
387,62,Female,2021-03-22,Gudiyatham,Deceased
388,22,Female,2021-03-23,Arcot,Deceased
389,58,Male,2021-03-24,Katpadi,Hospitalized
390,58,Male,2021-03-25,Arcot,Deceased
391,86,Female,2021-03-26,Gudiyatham,Recovered
392,49,Male,2021-03-27,Arcot,Recovered
393,52,Male,2021-03-28,Katpadi,Deceased
394,42,Male,2021-03-29,Vellore,Recovered
395,70,Female,2021-03-30,Arcot,Recovered
396,15,Female,2021-03-31,Arcot,Hospitalized
397,54,Female,2021-04-01,Katpadi,Deceased
398,60,Male,2021-04-02,Katpadi,Deceased
399,8,Female,2021-04-03,Arcot,Hospitalized
400,53,Female,2021-04-04,Gudiyatham,Recovered
401,60,Male,2021-04-05,Arcot,Recovered
402,5,Female,2021-04-06,Katpadi,Deceased
403,68,Female,2021-04-07,Vellore,Recovered
404,6,Male,2021-04-08,Vellore,Hospitalized
405,47,Male,2021-04-09,Gudiyatham,Hospitalized
406,55,Male,2021-04-10,Arcot,Deceased
407,40,Female,2021-04-11,Vellore,Hospitalized
408,52,Female,2021-04-12,Arcot,Hospitalized
409,16,Female,2021-04-13,Katpadi,Deceased
410,13,Male,2021-04-14,Vellore,Hospitalized
411,30,Male,2021-04-15,Gudiyatham,Hospitalized
412,19,Female,2021-04-16,Katpadi,Hospitalized
413,17,Female,2021-04-17,Gudiyatham,Recovered
414,63,Male,2021-04-18,Katpadi,Deceased
415,19,Male,2021-04-19,Vellore,Deceased
416,58,Male,2021-04-20,Gudiyatham,Deceased
417,55,Male,2021-04-21,Gudiyatham,Recovered
418,62,Female,2021-04-22,Katpadi,Recovered
419,23,Male,2021-04-23,Gudiyatham,Deceased
420,9,Female,2021-04-24,Katpadi,Recovered
421,12,Female,2021-04-25,Katpadi,Deceased
422,1,Female,2021-04-26,Katpadi,Recovered
423,58,Male,2021-04-27,Katpadi,Hospitalized
424,1,Male,2021-04-28,Vellore,Hospitalized
425,34,Male,2021-04-29,Katpadi,Deceased
426,48,Male,2021-04-30,Arcot,Recovered
427,89,Female,2021-05-01,Gudiyatham,Recovered
428,1,Male,2021-05-02,Arcot,Hospitalized
429,16,Male,2021-05-03,Vellore,Hospitalized
430,61,Female,2021-05-04,Arcot,Recovered
431,64,Male,2021-05-05,Gudiyatham,Recovered
432,63,Female,2021-05-06,Arcot,Recovered
433,69,Female,2021-05-07,Vellore,Recovered
434,22,Female,2021-05-08,Katpadi,Recovered
435,67,Female,2021-05-09,Arcot,Recovered
436,76,Female,2021-05-10,Vellore,Deceased
437,26,Female,2021-05-11,Vellore,Recovered
438,16,Female,2021-05-12,Gudiyatham,Hospitalized
439,51,Female,2021-05-13,Gudiyatham,Deceased
440,86,Male,2021-05-14,Arcot,Recovered
441,57,Male,2021-05-15,Katpadi,Hospitalized
442,29,Male,2021-05-16,Vellore,Deceased
443,78,Male,2021-05-17,Arcot,Hospitalized
444,69,Female,2021-05-18,Vellore,Recovered
445,47,Male,2021-05-19,Vellore,Recovered
446,62,Female,2021-05-20,Katpadi,Recovered
447,69,Male,2021-05-21,Katpadi,Recovered
448,76,Male,2021-05-22,Arcot,Deceased
449,16,Male,2021-05-23,Katpadi,Deceased
450,48,Female,2021-05-24,Katpadi,Hospitalized
451,85,Male,2021-05-25,Arcot,Recovered
452,39,Female,2021-05-26,Katpadi,Hospitalized
453,33,Female,2021-05-27,Gudiyatham,Deceased
454,23,Male,2021-05-28,Vellore,Recovered
455,10,Male,2021-05-29,Vellore,Recovered
456,69,Male,2021-05-30,Vellore,Deceased
457,34,Female,2021-05-31,Vellore,Deceased
458,52,Male,2021-06-01,Arcot,Deceased
459,10,Female,2021-06-02,Vellore,Deceased
460,19,Female,2021-06-03,Vellore,Deceased
461,58,Male,2021-06-04,Vellore,Recovered
462,1,Male,2021-06-05,Vellore,Deceased
463,69,Female,2021-06-06,Gudiyatham,Recovered
464,4,Female,2021-06-07,Vellore,Recovered
465,16,Female,2021-06-08,Gudiyatham,Deceased
466,24,Male,2021-06-09,Arcot,Deceased
467,80,Female,2021-06-10,Katpadi,Recovered
468,2,Male,2021-06-11,Vellore,Deceased
469,32,Female,2021-06-12,Katpadi,Deceased
470,84,Female,2021-06-13,Katpadi,Deceased
471,24,Male,2021-06-14,Arcot,Hospitalized
472,12,Female,2021-06-15,Katpadi,Recovered
473,50,Male,2021-06-16,Gudiyatham,Hospitalized
474,35,Male,2021-06-17,Katpadi,Deceased
475,33,Female,2021-06-18,Katpadi,Hospitalized
476,33,Male,2021-06-19,Katpadi,Deceased
477,61,Male,2021-06-20,Vellore,Hospitalized
478,51,Female,2021-06-21,Vellore,Deceased
479,43,Male,2021-06-22,Gudiyatham,Hospitalized
480,12,Male,2021-06-23,Gudiyatham,Hospitalized
481,67,Male,2021-06-24,Vellore,Hospitalized
482,65,Female,2021-06-25,Gudiyatham,Recovered
483,33,Male,2021-06-26,Vellore,Hospitalized
484,40,Female,2021-06-27,Arcot,Recovered
485,74,Female,2021-06-28,Katpadi,Deceased
486,43,Male,2021-06-29,Katpadi,Hospitalized
487,44,Male,2021-06-30,Gudiyatham,Deceased
488,29,Male,2021-07-01,Vellore,Deceased
489,13,Female,2021-07-02,Vellore,Hospitalized
490,12,Male,2021-07-03,Gudiyatham,Recovered
491,46,Male,2021-07-04,Vellore,Hospitalized
492,2,Male,2021-07-05,Arcot,Deceased
493,35,Male,2021-07-06,Katpadi,Deceased
494,87,Male,2021-07-07,Gudiyatham,Hospitalized
495,81,Female,2021-07-08,Gudiyatham,Recovered
496,8,Female,2021-07-09,Vellore,Recovered
497,26,Male,2021-07-10,Gudiyatham,Deceased
498,74,Male,2021-07-11,Arcot,Deceased
499,34,Male,2021-07-12,Vellore,Recovered
500,7,Male,2021-07-13,Vellore,Hospitalized
501,68,Female,2021-07-14,Vellore,Deceased
502,58,Male,2021-07-15,Vellore,Recovered
503,75,Female,2021-07-16,Arcot,Deceased
504,29,Female,2021-07-17,Vellore,Hospitalized
505,36,Male,2021-07-18,Gudiyatham,Recovered
506,89,Female,2021-07-19,Arcot,Deceased
507,21,Female,2021-07-20,Katpadi,Hospitalized
508,36,Female,2021-07-21,Katpadi,Deceased
509,10,Female,2021-07-22,Gudiyatham,Hospitalized
510,73,Male,2021-07-23,Gudiyatham,Hospitalized
511,24,Male,2021-07-24,Arcot,Recovered
512,64,Female,2021-07-25,Katpadi,Hospitalized
513,49,Male,2021-07-26,Katpadi,Deceased
514,36,Male,2021-07-27,Katpadi,Hospitalized
515,82,Male,2021-07-28,Katpadi,Hospitalized
516,24,Male,2021-07-29,Katpadi,Recovered
517,23,Male,2021-07-30,Vellore,Hospitalized
518,62,Female,2021-07-31,Gudiyatham,Hospitalized
519,37,Male,2021-08-01,Vellore,Deceased
520,12,Male,2021-08-02,Katpadi,Recovered
521,55,Male,2021-08-03,Arcot,Recovered
522,13,Male,2021-08-04,Arcot,Recovered
523,23,Female,2021-08-05,Katpadi,Hospitalized
524,89,Female,2021-08-06,Katpadi,Recovered
525,30,Female,2021-08-07,Arcot,Hospitalized
526,17,Female,2021-08-08,Vellore,Hospitalized
527,62,Male,2021-08-09,Vellore,Deceased
528,84,Female,2021-08-10,Katpadi,Deceased
529,89,Male,2021-08-11,Vellore,Deceased
530,86,Male,2021-08-12,Arcot,Deceased
531,13,Male,2021-08-13,Vellore,Deceased
532,59,Male,2021-08-14,Katpadi,Hospitalized
533,19,Male,2021-08-15,Arcot,Hospitalized
534,49,Female,2021-08-16,Vellore,Recovered
535,12,Female,2021-08-17,Gudiyatham,Hospitalized
536,61,Female,2021-08-18,Arcot,Hospitalized
537,19,Female,2021-08-19,Arcot,Deceased
538,76,Male,2021-08-20,Gudiyatham,Hospitalized
539,9,Female,2021-08-21,Gudiyatham,Deceased
540,71,Male,2021-08-22,Arcot,Recovered
541,28,Female,2021-08-23,Gudiyatham,Recovered
542,78,Male,2021-08-24,Katpadi,Hospitalized
543,52,Male,2021-08-25,Katpadi,Recovered
544,83,Female,2021-08-26,Katpadi,Hospitalized
545,16,Male,2021-08-27,Arcot,Recovered
546,69,Male,2021-08-28,Gudiyatham,Deceased
547,12,Female,2021-08-29,Gudiyatham,Deceased
548,25,Male,2021-08-30,Vellore,Deceased
549,52,Female,2021-08-31,Vellore,Deceased
550,85,Female,2021-09-01,Gudiyatham,Hospitalized
551,53,Female,2021-09-02,Gudiyatham,Recovered
552,23,Male,2021-09-03,Gudiyatham,Hospitalized
553,16,Male,2021-09-04,Arcot,Deceased
554,57,Male,2021-09-05,Gudiyatham,Hospitalized
555,39,Female,2021-09-06,Vellore,Recovered
556,53,Male,2021-09-07,Arcot,Hospitalized
557,42,Female,2021-09-08,Gudiyatham,Recovered
558,58,Female,2021-09-09,Vellore,Hospitalized
559,39,Male,2021-09-10,Arcot,Recovered
560,14,Female,2021-09-11,Gudiyatham,Recovered
561,5,Male,2021-09-12,Gudiyatham,Deceased
562,35,Male,2021-09-13,Gudiyatham,Recovered
563,87,Male,2021-09-14,Arcot,Deceased
564,75,Male,2021-09-15,Vellore,Deceased
565,18,Male,2021-09-16,Vellore,Deceased
566,76,Female,2021-09-17,Katpadi,Hospitalized
567,9,Female,2021-09-18,Gudiyatham,Hospitalized
568,74,Female,2021-09-19,Katpadi,Hospitalized
569,58,Male,2021-09-20,Katpadi,Hospitalized
570,17,Male,2021-09-21,Vellore,Recovered
571,7,Male,2021-09-22,Arcot,Recovered
572,46,Female,2021-09-23,Arcot,Hospitalized
573,13,Male,2021-09-24,Vellore,Recovered
574,40,Female,2021-09-25,Arcot,Recovered
575,42,Female,2021-09-26,Katpadi,Deceased
576,9,Male,2021-09-27,Gudiyatham,Deceased
577,50,Male,2021-09-28,Vellore,Deceased
578,27,Female,2021-09-29,Gudiyatham,Deceased
579,66,Male,2021-09-30,Arcot,Recovered
580,5,Female,2021-10-01,Gudiyatham,Hospitalized
581,29,Male,2021-10-02,Arcot,Recovered
582,37,Male,2021-10-03,Arcot,Recovered
583,38,Female,2021-10-04,Katpadi,Recovered
584,83,Male,2021-10-05,Arcot,Deceased
585,8,Female,2021-10-06,Katpadi,Deceased
586,65,Male,2021-10-07,Katpadi,Deceased
587,86,Female,2021-10-08,Katpadi,Hospitalized
588,17,Female,2021-10-09,Vellore,Recovered
589,71,Male,2021-10-10,Vellore,Hospitalized
590,89,Female,2021-10-11,Arcot,Deceased
591,45,Male,2021-10-12,Katpadi,Hospitalized
592,4,Male,2021-10-13,Vellore,Recovered
593,36,Male,2021-10-14,Katpadi,Recovered
594,70,Female,2021-10-15,Gudiyatham,Deceased
595,31,Female,2021-10-16,Gudiyatham,Deceased
596,19,Male,2021-10-17,Gudiyatham,Hospitalized
597,61,Male,2021-10-18,Arcot,Deceased
598,54,Female,2021-10-19,Katpadi,Deceased
599,39,Male,2021-10-20,Gudiyatham,Recovered
600,74,Male,2021-10-21,Vellore,Deceased
601,19,Female,2021-10-22,Gudiyatham,Deceased
602,39,Male,2021-10-23,Gudiyatham,Recovered
603,67,Female,2021-10-24,Gudiyatham,Recovered
604,45,Male,2021-10-25,Arcot,Hospitalized
605,13,Female,2021-10-26,Vellore,Deceased
606,58,Male,2021-10-27,Katpadi,Recovered
607,20,Male,2021-10-28,Vellore,Hospitalized
608,72,Female,2021-10-29,Katpadi,Hospitalized
609,61,Male,2021-10-30,Arcot,Deceased
610,39,Female,2021-10-31,Arcot,Deceased
611,1,Male,2021-11-01,Arcot,Hospitalized
612,3,Female,2021-11-02,Arcot,Recovered
613,77,Female,2021-11-03,Katpadi,Hospitalized
614,62,Female,2021-11-04,Gudiyatham,Deceased
615,63,Female,2021-11-05,Katpadi,Recovered
616,25,Male,2021-11-06,Vellore,Recovered
617,56,Male,2021-11-07,Arcot,Hospitalized
618,33,Female,2021-11-08,Arcot,Deceased
619,38,Female,2021-11-09,Vellore,Hospitalized
620,6,Female,2021-11-10,Katpadi,Hospitalized
621,58,Male,2021-11-11,Gudiyatham,Hospitalized
622,44,Male,2021-11-12,Gudiyatham,Recovered
623,45,Male,2021-11-13,Vellore,Recovered
624,32,Male,2021-11-14,Gudiyatham,Deceased
625,45,Female,2021-11-15,Katpadi,Deceased
626,61,Female,2021-11-16,Katpadi,Hospitalized
627,47,Female,2021-11-17,Vellore,Hospitalized
628,21,Male,2021-11-18,Katpadi,Hospitalized
629,80,Male,2021-11-19,Arcot,Deceased
630,85,Male,2021-11-20,Vellore,Recovered
631,75,Female,2021-11-21,Katpadi,Recovered
632,36,Female,2021-11-22,Vellore,Hospitalized
633,19,Male,2021-11-23,Gudiyatham,Hospitalized
634,20,Female,2021-11-24,Katpadi,Hospitalized
635,57,Male,2021-11-25,Arcot,Hospitalized
636,18,Male,2021-11-26,Katpadi,Deceased
637,47,Female,2021-11-27,Vellore,Recovered
638,49,Male,2021-11-28,Vellore,Hospitalized
639,14,Female,2021-11-29,Katpadi,Deceased
640,15,Male,2021-11-30,Arcot,Hospitalized
641,31,Female,2021-12-01,Arcot,Hospitalized
642,1,Female,2021-12-02,Arcot,Recovered
643,54,Female,2021-12-03,Vellore,Hospitalized
644,3,Male,2021-12-04,Katpadi,Recovered
645,16,Male,2021-12-05,Gudiyatham,Recovered
646,87,Female,2021-12-06,Vellore,Recovered
647,57,Female,2021-12-07,Arcot,Deceased
648,75,Male,2021-12-08,Katpadi,Deceased
649,12,Male,2021-12-09,Arcot,Recovered
650,74,Male,2021-12-10,Gudiyatham,Hospitalized
651,16,Female,2021-12-11,Arcot,Recovered
652,72,Male,2021-12-12,Arcot,Hospitalized
653,76,Male,2021-12-13,Gudiyatham,Recovered
654,24,Female,2021-12-14,Katpadi,Hospitalized
655,28,Male,2021-12-15,Vellore,Deceased
656,8,Male,2021-12-16,Katpadi,Hospitalized
657,36,Male,2021-12-17,Gudiyatham,Recovered
658,8,Female,2021-12-18,Arcot,Deceased
659,58,Female,2021-12-19,Katpadi,Hospitalized
660,60,Female,2021-12-20,Vellore,Hospitalized
661,50,Female,2021-12-21,Gudiyatham,Hospitalized
662,28,Female,2021-12-22,Katpadi,Hospitalized
663,41,Female,2021-12-23,Vellore,Hospitalized
664,64,Female,2021-12-24,Gudiyatham,Deceased
665,27,Male,2021-12-25,Vellore,Deceased
666,63,Male,2021-12-26,Gudiyatham,Deceased
667,17,Female,2021-12-27,Arcot,Deceased
668,73,Male,2021-12-28,Katpadi,Recovered
669,33,Male,2021-12-29,Vellore,Deceased
670,84,Female,2021-12-30,Gudiyatham,Hospitalized
671,77,Male,2021-12-31,Vellore,Hospitalized
672,29,Male,2022-01-01,Vellore,Deceased
673,13,Male,2022-01-02,Katpadi,Hospitalized
674,46,Male,2022-01-03,Arcot,Deceased
675,35,Male,2022-01-04,Vellore,Hospitalized
676,6,Female,2022-01-05,Gudiyatham,Recovered
677,82,Female,2022-01-06,Gudiyatham,Recovered
678,69,Female,2022-01-07,Arcot,Deceased
679,47,Male,2022-01-08,Gudiyatham,Deceased
680,25,Female,2022-01-09,Arcot,Deceased
681,66,Male,2022-01-10,Gudiyatham,Hospitalized
682,10,Male,2022-01-11,Katpadi,Deceased
683,56,Male,2022-01-12,Vellore,Recovered
684,30,Male,2022-01-13,Katpadi,Hospitalized
685,5,Female,2022-01-14,Vellore,Deceased
686,33,Female,2022-01-15,Vellore,Hospitalized
687,65,Male,2022-01-16,Vellore,Hospitalized
688,18,Female,2022-01-17,Katpadi,Deceased
689,49,Male,2022-01-18,Vellore,Hospitalized
690,11,Female,2022-01-19,Katpadi,Recovered
691,85,Female,2022-01-20,Arcot,Recovered
692,26,Male,2022-01-21,Gudiyatham,Hospitalized
693,63,Female,2022-01-22,Gudiyatham,Deceased
694,89,Male,2022-01-23,Vellore,Hospitalized
695,86,Female,2022-01-24,Katpadi,Recovered
696,59,Male,2022-01-25,Gudiyatham,Hospitalized
697,27,Male,2022-01-26,Katpadi,Hospitalized
698,49,Female,2022-01-27,Katpadi,Recovered
699,77,Female,2022-01-28,Vellore,Hospitalized
700,33,Male,2022-01-29,Gudiyatham,Hospitalized
701,1,Female,2022-01-30,Vellore,Deceased
702,21,Female,2022-01-31,Vellore,Deceased
703,55,Male,2022-02-01,Gudiyatham,Recovered
704,6,Male,2022-02-02,Gudiyatham,Recovered
705,81,Female,2022-02-03,Arcot,Recovered
706,69,Male,2022-02-04,Arcot,Deceased
707,5,Male,2022-02-05,Katpadi,Recovered
708,3,Male,2022-02-06,Gudiyatham,Recovered
709,53,Female,2022-02-07,Arcot,Recovered
710,23,Female,2022-02-08,Katpadi,Deceased
711,53,Male,2022-02-09,Katpadi,Hospitalized
712,37,Female,2022-02-10,Katpadi,Recovered
713,74,Male,2022-02-11,Arcot,Hospitalized
714,74,Female,2022-02-12,Gudiyatham,Recovered
715,83,Male,2022-02-13,Vellore,Hospitalized
716,17,Male,2022-02-14,Katpadi,Deceased
717,85,Female,2022-02-15,Arcot,Deceased
718,78,Male,2022-02-16,Arcot,Recovered
719,73,Female,2022-02-17,Vellore,Hospitalized
720,1,Female,2022-02-18,Vellore,Deceased
721,51,Male,2022-02-19,Arcot,Recovered
722,45,Male,2022-02-20,Gudiyatham,Recovered
723,77,Female,2022-02-21,Vellore,Deceased
724,4,Male,2022-02-22,Arcot,Deceased
725,62,Male,2022-02-23,Vellore,Recovered
726,65,Male,2022-02-24,Gudiyatham,Hospitalized
727,32,Male,2022-02-25,Katpadi,Hospitalized
728,34,Male,2022-02-26,Vellore,Hospitalized
729,72,Female,2022-02-27,Gudiyatham,Recovered
730,39,Female,2022-02-28,Arcot,Deceased
731,26,Male,2022-03-01,Vellore,Recovered
732,34,Male,2022-03-02,Vellore,Deceased
733,54,Male,2022-03-03,Arcot,Hospitalized
734,3,Female,2022-03-04,Katpadi,Hospitalized
735,50,Male,2022-03-05,Arcot,Deceased
736,12,Female,2022-03-06,Vellore,Deceased
737,65,Female,2022-03-07,Arcot,Recovered
738,54,Female,2022-03-08,Gudiyatham,Hospitalized
739,5,Male,2022-03-09,Arcot,Recovered
740,57,Female,2022-03-10,Vellore,Recovered
741,17,Male,2022-03-11,Arcot,Recovered
742,47,Female,2022-03-12,Katpadi,Hospitalized
743,23,Male,2022-03-13,Arcot,Recovered
744,79,Female,2022-03-14,Katpadi,Recovered
745,85,Male,2022-03-15,Gudiyatham,Recovered
746,14,Female,2022-03-16,Katpadi,Recovered
747,66,Male,2022-03-17,Arcot,Recovered
748,75,Male,2022-03-18,Vellore,Recovered
749,51,Male,2022-03-19,Katpadi,Hospitalized
750,38,Male,2022-03-20,Gudiyatham,Recovered
751,64,Female,2022-03-21,Katpadi,Deceased
752,38,Female,2022-03-22,Katpadi,Recovered
753,50,Male,2022-03-23,Katpadi,Recovered
754,82,Female,2022-03-24,Gudiyatham,Hospitalized
755,30,Male,2022-03-25,Arcot,Hospitalized
756,79,Male,2022-03-26,Katpadi,Deceased
757,51,Female,2022-03-27,Katpadi,Deceased
758,63,Male,2022-03-28,Vellore,Hospitalized
759,52,Male,2022-03-29,Gudiyatham,Hospitalized
760,38,Female,2022-03-30,Katpadi,Recovered
761,88,Male,2022-03-31,Gudiyatham,Hospitalized
762,79,Male,2022-04-01,Katpadi,Deceased
763,30,Male,2022-04-02,Arcot,Recovered
764,51,Male,2022-04-03,Arcot,Deceased
765,81,Female,2022-04-04,Katpadi,Recovered
766,5,Female,2022-04-05,Arcot,Hospitalized
767,29,Female,2022-04-06,Katpadi,Deceased
768,4,Male,2022-04-07,Arcot,Recovered
769,10,Male,2022-04-08,Vellore,Recovered
770,56,Female,2022-04-09,Vellore,Hospitalized
771,17,Male,2022-04-10,Vellore,Hospitalized
772,74,Male,2022-04-11,Gudiyatham,Hospitalized
773,17,Male,2022-04-12,Gudiyatham,Deceased
774,84,Male,2022-04-13,Vellore,Recovered
775,88,Female,2022-04-14,Gudiyatham,Hospitalized
776,69,Female,2022-04-15,Arcot,Deceased
777,34,Female,2022-04-16,Katpadi,Deceased
778,6,Male,2022-04-17,Katpadi,Deceased
779,53,Female,2022-04-18,Katpadi,Hospitalized
780,66,Female,2022-04-19,Vellore,Hospitalized
781,77,Male,2022-04-20,Gudiyatham,Recovered
782,43,Male,2022-04-21,Arcot,Recovered
783,75,Female,2022-04-22,Arcot,Hospitalized
784,23,Female,2022-04-23,Vellore,Deceased
785,55,Female,2022-04-24,Arcot,Deceased
786,80,Female,2022-04-25,Arcot,Deceased
787,75,Male,2022-04-26,Arcot,Recovered
788,16,Female,2022-04-27,Arcot,Deceased
789,8,Female,2022-04-28,Gudiyatham,Recovered
790,4,Male,2022-04-29,Arcot,Recovered
791,4,Female,2022-04-30,Katpadi,Deceased
792,56,Male,2022-05-01,Vellore,Deceased
793,25,Male,2022-05-02,Gudiyatham,Hospitalized
794,67,Male,2022-05-03,Arcot,Hospitalized
795,67,Female,2022-05-04,Gudiyatham,Deceased
796,27,Female,2022-05-05,Arcot,Recovered
797,32,Male,2022-05-06,Katpadi,Recovered
798,50,Female,2022-05-07,Vellore,Recovered
799,61,Female,2022-05-08,Arcot,Recovered
800,51,Male,2022-05-09,Arcot,Recovered
801,19,Male,2022-05-10,Arcot,Hospitalized
802,21,Female,2022-05-11,Arcot,Deceased
803,5,Male,2022-05-12,Vellore,Hospitalized
804,82,Female,2022-05-13,Vellore,Recovered
805,42,Female,2022-05-14,Katpadi,Recovered
806,61,Female,2022-05-15,Vellore,Recovered
807,22,Female,2022-05-16,Arcot,Recovered
808,21,Male,2022-05-17,Katpadi,Deceased
809,70,Male,2022-05-18,Katpadi,Recovered
810,1,Male,2022-05-19,Katpadi,Deceased
811,5,Male,2022-05-20,Arcot,Recovered
812,12,Female,2022-05-21,Gudiyatham,Deceased
813,46,Female,2022-05-22,Arcot,Hospitalized
814,34,Male,2022-05-23,Vellore,Recovered
815,49,Female,2022-05-24,Vellore,Deceased
816,78,Female,2022-05-25,Arcot,Hospitalized
817,45,Female,2022-05-26,Arcot,Recovered
818,27,Male,2022-05-27,Katpadi,Recovered
819,73,Male,2022-05-28,Arcot,Recovered
820,26,Male,2022-05-29,Katpadi,Deceased
821,47,Female,2022-05-30,Vellore,Deceased
822,86,Male,2022-05-31,Katpadi,Hospitalized
823,56,Male,2022-06-01,Arcot,Deceased
824,63,Male,2022-06-02,Vellore,Deceased
825,48,Male,2022-06-03,Gudiyatham,Recovered
826,61,Male,2022-06-04,Katpadi,Recovered
827,81,Male,2022-06-05,Vellore,Recovered
828,26,Female,2022-06-06,Katpadi,Recovered
829,36,Female,2022-06-07,Vellore,Recovered
830,1,Male,2022-06-08,Vellore,Recovered
831,8,Male,2022-06-09,Katpadi,Recovered
832,52,Female,2022-06-10,Gudiyatham,Hospitalized
833,79,Female,2022-06-11,Vellore,Hospitalized
834,47,Male,2022-06-12,Vellore,Hospitalized
835,56,Male,2022-06-13,Vellore,Hospitalized
836,86,Male,2022-06-14,Gudiyatham,Recovered
837,14,Male,2022-06-15,Gudiyatham,Hospitalized
838,28,Female,2022-06-16,Arcot,Recovered
839,87,Male,2022-06-17,Katpadi,Hospitalized
840,78,Male,2022-06-18,Gudiyatham,Deceased
841,88,Male,2022-06-19,Katpadi,Hospitalized
842,2,Male,2022-06-20,Arcot,Hospitalized
843,26,Female,2022-06-21,Katpadi,Recovered
844,14,Female,2022-06-22,Gudiyatham,Hospitalized
845,59,Female,2022-06-23,Katpadi,Deceased
846,56,Male,2022-06-24,Gudiyatham,Recovered
847,7,Male,2022-06-25,Katpadi,Recovered
848,3,Female,2022-06-26,Gudiyatham,Hospitalized
849,23,Male,2022-06-27,Gudiyatham,Recovered
850,18,Male,2022-06-28,Katpadi,Recovered
851,38,Female,2022-06-29,Arcot,Recovered
852,15,Female,2022-06-30,Vellore,Recovered
853,64,Female,2022-07-01,Arcot,Recovered
854,89,Female,2022-07-02,Katpadi,Recovered
855,28,Male,2022-07-03,Arcot,Deceased
856,74,Male,2022-07-04,Gudiyatham,Hospitalized
857,39,Female,2022-07-05,Vellore,Deceased
858,57,Male,2022-07-06,Katpadi,Recovered
859,17,Female,2022-07-07,Katpadi,Recovered
860,86,Female,2022-07-08,Katpadi,Hospitalized
861,44,Male,2022-07-09,Vellore,Deceased
862,25,Female,2022-07-10,Gudiyatham,Hospitalized
863,17,Male,2022-07-11,Katpadi,Deceased
864,13,Male,2022-07-12,Arcot,Recovered
865,84,Male,2022-07-13,Katpadi,Hospitalized
866,25,Male,2022-07-14,Katpadi,Hospitalized
867,68,Female,2022-07-15,Katpadi,Recovered
868,10,Male,2022-07-16,Katpadi,Hospitalized
869,67,Female,2022-07-17,Gudiyatham,Deceased
870,18,Female,2022-07-18,Arcot,Deceased
871,86,Female,2022-07-19,Gudiyatham,Deceased
872,34,Female,2022-07-20,Arcot,Deceased
873,8,Male,2022-07-21,Katpadi,Recovered
874,40,Male,2022-07-22,Vellore,Hospitalized
875,83,Female,2022-07-23,Gudiyatham,Deceased
876,42,Female,2022-07-24,Vellore,Recovered
877,41,Male,2022-07-25,Gudiyatham,Hospitalized
878,6,Female,2022-07-26,Katpadi,Hospitalized
879,52,Male,2022-07-27,Gudiyatham,Recovered
880,26,Female,2022-07-28,Katpadi,Recovered
881,64,Male,2022-07-29,Gudiyatham,Deceased
882,59,Female,2022-07-30,Katpadi,Hospitalized
883,56,Female,2022-07-31,Katpadi,Hospitalized
884,59,Male,2022-08-01,Arcot,Recovered
885,70,Female,2022-08-02,Katpadi,Hospitalized
886,33,Female,2022-08-03,Arcot,Deceased
887,53,Male,2022-08-04,Katpadi,Hospitalized
888,22,Female,2022-08-05,Vellore,Recovered
889,21,Male,2022-08-06,Katpadi,Recovered
890,70,Male,2022-08-07,Vellore,Deceased
891,70,Female,2022-08-08,Vellore,Deceased
892,4,Female,2022-08-09,Katpadi,Hospitalized
893,75,Female,2022-08-10,Vellore,Hospitalized
894,62,Female,2022-08-11,Arcot,Recovered
895,62,Female,2022-08-12,Gudiyatham,Deceased
896,24,Female,2022-08-13,Katpadi,Deceased
897,55,Female,2022-08-14,Vellore,Deceased
898,9,Male,2022-08-15,Katpadi,Hospitalized
899,3,Female,2022-08-16,Arcot,Deceased
900,31,Male,2022-08-17,Katpadi,Recovered
901,40,Female,2022-08-18,Katpadi,Recovered
902,36,Female,2022-08-19,Vellore,Hospitalized
903,24,Male,2022-08-20,Arcot,Hospitalized
904,6,Female,2022-08-21,Gudiyatham,Deceased
905,66,Female,2022-08-22,Gudiyatham,Hospitalized
906,84,Male,2022-08-23,Vellore,Recovered
907,75,Female,2022-08-24,Katpadi,Deceased
908,4,Female,2022-08-25,Vellore,Recovered
909,79,Female,2022-08-26,Vellore,Deceased
910,6,Male,2022-08-27,Vellore,Hospitalized
911,51,Female,2022-08-28,Katpadi,Deceased
912,62,Female,2022-08-29,Arcot,Deceased
913,57,Female,2022-08-30,Vellore,Recovered
914,66,Female,2022-08-31,Katpadi,Recovered
915,79,Male,2022-09-01,Arcot,Deceased
916,75,Male,2022-09-02,Vellore,Hospitalized
917,8,Female,2022-09-03,Gudiyatham,Hospitalized
918,26,Female,2022-09-04,Arcot,Recovered
919,51,Male,2022-09-05,Vellore,Hospitalized
920,45,Male,2022-09-06,Arcot,Recovered
921,44,Female,2022-09-07,Arcot,Hospitalized
922,5,Male,2022-09-08,Arcot,Deceased
923,70,Female,2022-09-09,Arcot,Recovered
924,26,Male,2022-09-10,Arcot,Recovered
925,68,Male,2022-09-11,Arcot,Deceased
926,19,Male,2022-09-12,Vellore,Recovered
927,84,Male,2022-09-13,Gudiyatham,Hospitalized
928,20,Female,2022-09-14,Katpadi,Hospitalized
929,12,Male,2022-09-15,Arcot,Recovered
930,47,Male,2022-09-16,Katpadi,Hospitalized
931,1,Female,2022-09-17,Vellore,Recovered
932,14,Male,2022-09-18,Arcot,Deceased
933,64,Male,2022-09-19,Gudiyatham,Recovered
934,38,Female,2022-09-20,Katpadi,Deceased
935,37,Male,2022-09-21,Arcot,Hospitalized
936,11,Female,2022-09-22,Vellore,Deceased
937,77,Female,2022-09-23,Gudiyatham,Hospitalized
938,3,Female,2022-09-24,Katpadi,Recovered
939,33,Female,2022-09-25,Katpadi,Hospitalized
940,6,Male,2022-09-26,Arcot,Recovered
941,50,Female,2022-09-27,Gudiyatham,Recovered
942,10,Male,2022-09-28,Gudiyatham,Deceased
943,5,Male,2022-09-29,Gudiyatham,Deceased
944,23,Male,2022-09-30,Gudiyatham,Deceased
945,10,Male,2022-10-01,Vellore,Deceased
946,44,Male,2022-10-02,Gudiyatham,Hospitalized
947,2,Male,2022-10-03,Katpadi,Hospitalized
948,13,Male,2022-10-04,Katpadi,Hospitalized
949,40,Male,2022-10-05,Vellore,Recovered
950,2,Male,2022-10-06,Katpadi,Hospitalized
951,84,Male,2022-10-07,Katpadi,Hospitalized
952,65,Female,2022-10-08,Gudiyatham,Hospitalized
953,63,Female,2022-10-09,Katpadi,Deceased
954,73,Female,2022-10-10,Vellore,Hospitalized
955,17,Male,2022-10-11,Gudiyatham,Recovered
956,9,Female,2022-10-12,Arcot,Deceased
957,75,Female,2022-10-13,Gudiyatham,Recovered
958,15,Female,2022-10-14,Vellore,Hospitalized
959,24,Male,2022-10-15,Gudiyatham,Deceased
960,38,Male,2022-10-16,Gudiyatham,Recovered
961,35,Male,2022-10-17,Vellore,Hospitalized
962,49,Male,2022-10-18,Gudiyatham,Recovered
963,69,Female,2022-10-19,Vellore,Recovered
964,62,Female,2022-10-20,Vellore,Recovered
965,60,Female,2022-10-21,Arcot,Hospitalized
966,50,Female,2022-10-22,Katpadi,Hospitalized
967,78,Male,2022-10-23,Katpadi,Recovered
968,75,Male,2022-10-24,Gudiyatham,Deceased
969,9,Male,2022-10-25,Gudiyatham,Deceased
970,34,Female,2022-10-26,Arcot,Hospitalized
971,76,Male,2022-10-27,Arcot,Hospitalized
972,35,Male,2022-10-28,Arcot,Hospitalized
973,1,Female,2022-10-29,Vellore,Hospitalized
974,40,Female,2022-10-30,Arcot,Hospitalized
975,64,Male,2022-10-31,Arcot,Deceased
976,22,Male,2022-11-01,Gudiyatham,Hospitalized
977,60,Male,2022-11-02,Arcot,Recovered
978,64,Male,2022-11-03,Vellore,Recovered
979,72,Male,2022-11-04,Vellore,Deceased
980,11,Male,2022-11-05,Gudiyatham,Recovered
981,14,Female,2022-11-06,Arcot,Deceased
982,60,Female,2022-11-07,Arcot,Deceased
983,30,Female,2022-11-08,Vellore,Recovered
984,35,Male,2022-11-09,Arcot,Hospitalized
985,85,Female,2022-11-10,Arcot,Recovered
986,37,Male,2022-11-11,Arcot,Recovered
987,5,Male,2022-11-12,Katpadi,Deceased
988,83,Female,2022-11-13,Gudiyatham,Recovered
989,78,Male,2022-11-14,Katpadi,Deceased
990,26,Male,2022-11-15,Gudiyatham,Hospitalized
991,62,Female,2022-11-16,Vellore,Hospitalized
992,4,Female,2022-11-17,Arcot,Hospitalized
993,89,Female,2022-11-18,Gudiyatham,Recovered
994,42,Male,2022-11-19,Katpadi,Deceased
995,89,Female,2022-11-20,Arcot,Hospitalized
996,18,Female,2022-11-21,Vellore,Deceased
997,40,Male,2022-11-22,Gudiyatham,Deceased
998,72,Female,2022-11-23,Gudiyatham,Hospitalized
999,39,Female,2022-11-24,Gudiyatham,Hospitalized
1000,14,Female,2022-11-25,Arcot,Deceased
